{"actions":[],"apps":[{"acl":{"app":[],"field":[],"record":[]},"app":null,"category":{"categories":[],"useCategory":"false"},"form":{"layout":"[{\"id\":\"6529973\",\"type\":\"SUBTABLE\",\"isSubTable\":true,\"var\":\"和暦管理\",\"label\":\"和暦管理\",\"controlList\":[{\"isVirtical\":true,\"styleMap\":{\"width\":193},\"type\":\"SINGLE_LINE_TEXT\",\"var\":\"年号\",\"label\":\"年号\"},{\"isVirtical\":true,\"styleMap\":{\"width\":117},\"type\":\"DATE\",\"var\":\"年号開始日\",\"label\":\"年号開始日\"}]}]","revision":null},"iconMeta":{"internalName":null,"mime":"image/png","name":"pr_source.png"},"info":{"automaticallyChooseTitleComponent":"true","code":null,"decimalPrecision":"16","decimalScale":"4","description":"\u003Cdiv\u003E和暦変換(和暦管理から取得)\u003C/div\u003E\u003Ca href=\"https://github.com/MizukiOkushima/kintone/tree/8d9933de94760023ae09a30940c02e89b330311c/00%20%E8%87%AA%E4%B8%BB%E5%88%B6%E4%BD%9C/007%20%E5%92%8C%E6%9A%A6%E5%A4%89%E6%8F%9B%28%E5%92%8C%E6%9A%A6%E7%AE%A1%E7%90%86%E3%81%8B%E3%82%89%E5%8F%96%E5%BE%97%29\" target=\"_blank\" style=\"background-color:rgb( 238 , 238 , 238 )\" rel=\"nofollow noopener noreferrer\"\u003Egithub.com kintoneリポジトリ - 007 和暦変換&#xff08;和暦管理から取得&#xff09;\u003C/a\u003E\u003Cbr /\u003E","enableBulkDeletion":"false","enableRecordReuse":"true","fiscalYearStartMonth":"4","iconKey":"34042","iconType":"BLOB","jsFiles":null,"jsScope":"ALL","name":"和暦管理","roundingMode":"HALF_EVEN","theme":"PLAIN","titleComponentLocalId":null,"useComment":"true","useHistory":"true","useThumbnail":"true"},"jsFiles":[{"jsFileMetas":[{"internalName":null,"locationType":"BLOB","mime":"text/css","name":"customize_wareki.css","url":null}],"jsType":"DESKTOP_CSS"}],"notification":{"appNotifications":[{"events":["RECORD_COMMENT_ADDED"],"target":{"entityId":"6529963","entityType":"FIELD_ENTITY","includeSubs":"false"}},{"events":["RECORD_COMMENT_ADDED"],"target":{"entityId":"6529964","entityType":"FIELD_ENTITY","includeSubs":"false"}}],"recordNotifications":[],"reminderTimezone":null,"reminders":[],"useComment":"true","useReminder":"false"},"plugins":[],"reports":[],"resource":{"tables":[{"rows":[{"fields":[],"objectId":"0","subObjectId":"-1"}],"type":"AppName"},{"rows":[{"fields":[],"objectId":"0","subObjectId":"-1"}],"type":"AppDescription"},{"rows":[{"fields":[],"objectId":"6529962","subObjectId":"-1"},{"fields":[],"objectId":"6529963","subObjectId":"-1"},{"fields":[],"objectId":"6529964","subObjectId":"-1"},{"fields":[],"objectId":"6529965","subObjectId":"-1"},{"fields":[],"objectId":"6529966","subObjectId":"-1"},{"fields":[],"objectId":"6529967","subObjectId":"-1"},{"fields":[],"objectId":"6529968","subObjectId":"-1"},{"fields":[],"objectId":"6529969","subObjectId":"-1"},{"fields":[],"objectId":"6529973","subObjectId":"-1"},{"fields":[],"objectId":"6529971","subObjectId":"-1"},{"fields":[],"objectId":"6529972","subObjectId":"-1"}],"type":"FieldLabel"},{"rows":[{"fields":[],"objectId":"20","subObjectId":"-1"}],"type":"ViewName"},{"rows":[],"type":"CategoryName"}]},"schema":{"groups":[],"revision":null,"subTable":{"6529973":{"fieldList":{"6529971":{"id":"6529971","label":"年号","properties":{"defaultValue":"","expression":"","hideExpression":"false","max":null,"min":null,"noLabel":"false","required":"true","unique":"false"},"type":"SINGLE_LINE_TEXT","var":"年号"},"6529972":{"id":"6529972","label":"年号開始日","properties":{"defaultExpression":"NOW","defaultValue":null,"noLabel":"false","required":"true","unique":"false"},"type":"DATE","var":"年号開始日"}},"id":"6529973","label":"和暦管理","properties":{"noLabel":"false"},"var":"和暦管理"}},"table":{"fieldList":{"6529962":{"id":"6529962","label":"レコード番号","properties":{"noLabel":"false","required":"true"},"type":"RECORD_ID","var":"レコード番号"},"6529963":{"id":"6529963","label":"更新者","properties":{"noLabel":"false","required":"true"},"type":"MODIFIER","var":"更新者"},"6529964":{"id":"6529964","label":"作成者","properties":{"noLabel":"false","required":"true"},"type":"CREATOR","var":"作成者"},"6529965":{"id":"6529965","label":"更新日時","properties":{"noLabel":"false","required":"true"},"type":"MODIFIED_AT","var":"更新日時"},"6529966":{"id":"6529966","label":"作成日時","properties":{"noLabel":"false","required":"true"},"type":"CREATED_AT","var":"作成日時"},"6529967":{"id":"6529967","label":"ステータス","properties":{"noLabel":"false","required":"false"},"type":"STATUS","var":"ステータス"},"6529968":{"id":"6529968","label":"作業者","properties":{"noLabel":"false","required":"false"},"type":"STATUS_ASSIGNEE","var":"作業者"},"6529969":{"id":"6529969","label":"カテゴリー","properties":{"noLabel":"false","required":"false"},"type":"CATEGORY","var":"カテゴリー"}},"id":"1","label":"__ROOT__","properties":null,"var":"__ROOT__"}},"settingsNotesForm":{"content":null,"willBeInherited":null},"status":{"actions":[],"filters":[],"initialStateId":null,"states":[],"useStatus":"false"},"uuid":"9852f7c2-7637-4dd2-a6d1-db9c6fe0b976","views":[{"advancedMode":null,"builtinType":"ALL","device":null,"fields":[{"row":[{"columnWidth":null,"id":"6529962"}]}],"filter":{"category":null,"offset":null,"order":[],"q":null,"size":null,"sort":[]},"html":null,"keyFieldId":null,"name":"（すべて）","pager":null,"revision":null,"titleFieldId":null,"view":"20","viewType":"LIST"}]}],"description":"","iconKey":"202309230202591624DE6F22624224A511F876F5B1CA1A322","iconMeta":{"internalName":null,"mime":"image/png","name":"pr_source.png"},"iconSrcAppId":"9852f7c2-7637-4dd2-a6d1-db9c6fe0b976","iconType":"BLOB","imagesMeta":[],"lookups":[],"name":"和暦管理","references":[],"version":"40"}