{"actions":[],"apps":[{"acl":{"app":[],"field":[],"record":[]},"app":null,"category":{"categories":[],"useCategory":"false"},"form":{"layout":"[{\"id\":\"6529748\",\"type\":\"SUBTABLE\",\"isSubTable\":true,\"var\":\"テーブル\",\"label\":\"テーブル\",\"controlList\":[{\"isVirtical\":true,\"styleMap\":{\"width\":193},\"type\":\"DECIMAL\",\"var\":\"右辺\",\"label\":\"右辺\"},{\"isVirtical\":true,\"styleMap\":{\"width\":196},\"type\":\"SINGLE_SELECT\",\"var\":\"符号\",\"label\":\"符号\"},{\"isVirtical\":true,\"styleMap\":{\"width\":193},\"type\":\"DECIMAL\",\"var\":\"左辺\",\"label\":\"左辺\"},{\"isVirtical\":true,\"styleMap\":{\"width\":193},\"type\":\"DECIMAL\",\"var\":\"計算結果\",\"label\":\"計算結果\"}]}]","revision":null},"iconMeta":{"internalName":null,"mime":"image/jpeg","name":"h1-1ta.jpg"},"info":{"automaticallyChooseTitleComponent":"true","code":null,"decimalPrecision":"16","decimalScale":"4","description":"","enableBulkDeletion":"false","enableRecordReuse":"true","fiscalYearStartMonth":"4","iconKey":"32156","iconType":"BLOB","jsFiles":null,"jsScope":"ALL","name":"Change event for a field in table","roundingMode":"HALF_EVEN","theme":"PLAIN","titleComponentLocalId":null,"useComment":"true","useHistory":"true","useThumbnail":"true"},"jsFiles":[{"jsFileMetas":[{"internalName":null,"locationType":"BLOB","mime":"application/x-javascript","name":"script.js","url":null}],"jsType":"DESKTOP"}],"notification":{"appNotifications":[{"events":["RECORD_COMMENT_ADDED"],"target":{"entityId":"6529733","entityType":"FIELD_ENTITY","includeSubs":"false"}},{"events":["RECORD_COMMENT_ADDED"],"target":{"entityId":"6529734","entityType":"FIELD_ENTITY","includeSubs":"false"}}],"recordNotifications":[],"reminderTimezone":null,"reminders":[],"useComment":"true","useReminder":"false"},"plugins":[],"reports":[],"resource":{"tables":[{"rows":[{"fields":[],"objectId":"0","subObjectId":"-1"}],"type":"AppName"},{"rows":[{"fields":[],"objectId":"0","subObjectId":"-1"}],"type":"AppDescription"},{"rows":[{"fields":[],"objectId":"6529732","subObjectId":"-1"},{"fields":[],"objectId":"6529733","subObjectId":"-1"},{"fields":[],"objectId":"6529734","subObjectId":"-1"},{"fields":[],"objectId":"6529735","subObjectId":"-1"},{"fields":[],"objectId":"6529736","subObjectId":"-1"},{"fields":[],"objectId":"6529737","subObjectId":"-1"},{"fields":[],"objectId":"6529738","subObjectId":"-1"},{"fields":[],"objectId":"6529739","subObjectId":"-1"},{"fields":[],"objectId":"6529748","subObjectId":"-1"},{"fields":[],"objectId":"6529744","subObjectId":"-1"},{"fields":[],"objectId":"6529745","subObjectId":"-1"},{"fields":[],"objectId":"6529745","subObjectId":"6529740"},{"fields":[],"objectId":"6529745","subObjectId":"6529741"},{"fields":[],"objectId":"6529745","subObjectId":"6529742"},{"fields":[],"objectId":"6529745","subObjectId":"6529743"},{"fields":[],"objectId":"6529746","subObjectId":"-1"},{"fields":[],"objectId":"6529747","subObjectId":"-1"}],"type":"FieldLabel"},{"rows":[{"fields":[],"objectId":"20","subObjectId":"-1"}],"type":"ViewName"},{"rows":[],"type":"CategoryName"}]},"schema":{"groups":[],"revision":null,"subTable":{"6529748":{"fieldList":{"6529744":{"id":"6529744","label":"右辺","properties":{"defaultValue":"0","digit":"false","displayScale":null,"max":null,"min":null,"noLabel":"false","required":"true","roundingMode":null,"scale":null,"unique":"false","unit":"","unitPosition":"BEFORE"},"type":"DECIMAL","var":"右辺"},"6529745":{"id":"6529745","label":"符号","properties":{"defaultValue":null,"noLabel":"false","options":[{"id":"6529740","label":"＋","valid":true},{"id":"6529741","label":"ー","valid":true},{"id":"6529742","label":"ｘ","valid":true},{"id":"6529743","label":"÷","valid":true}],"required":"true"},"type":"SINGLE_SELECT","var":"符号"},"6529746":{"id":"6529746","label":"左辺","properties":{"defaultValue":"0","digit":"false","displayScale":null,"max":null,"min":null,"noLabel":"false","required":"true","roundingMode":null,"scale":null,"unique":"false","unit":"","unitPosition":"BEFORE"},"type":"DECIMAL","var":"左辺"},"6529747":{"id":"6529747","label":"計算結果","properties":{"defaultValue":null,"digit":"false","displayScale":null,"max":null,"min":null,"noLabel":"false","required":"false","roundingMode":null,"scale":null,"unique":"false","unit":"","unitPosition":"BEFORE"},"type":"DECIMAL","var":"計算結果"}},"id":"6529748","label":"テーブル","properties":{"noLabel":"false"},"var":"テーブル"}},"table":{"fieldList":{"6529732":{"id":"6529732","label":"レコード番号","properties":{"noLabel":"false","required":"true"},"type":"RECORD_ID","var":"レコード番号"},"6529733":{"id":"6529733","label":"更新者","properties":{"noLabel":"false","required":"true"},"type":"MODIFIER","var":"更新者"},"6529734":{"id":"6529734","label":"作成者","properties":{"noLabel":"false","required":"true"},"type":"CREATOR","var":"作成者"},"6529735":{"id":"6529735","label":"更新日時","properties":{"noLabel":"false","required":"true"},"type":"MODIFIED_AT","var":"更新日時"},"6529736":{"id":"6529736","label":"作成日時","properties":{"noLabel":"false","required":"true"},"type":"CREATED_AT","var":"作成日時"},"6529737":{"id":"6529737","label":"ステータス","properties":{"noLabel":"false","required":"false"},"type":"STATUS","var":"ステータス"},"6529738":{"id":"6529738","label":"作業者","properties":{"noLabel":"false","required":"false"},"type":"STATUS_ASSIGNEE","var":"作業者"},"6529739":{"id":"6529739","label":"カテゴリー","properties":{"noLabel":"false","required":"false"},"type":"CATEGORY","var":"カテゴリー"}},"id":"1","label":"__ROOT__","properties":null,"var":"__ROOT__"}},"settingsNotesForm":{"content":null,"willBeInherited":null},"status":{"actions":[],"filters":[],"initialStateId":null,"states":[],"useStatus":"false"},"uuid":"fb398cd2-74a6-402f-a8e6-d35a06e4f335","views":[{"advancedMode":null,"builtinType":"ALL","device":null,"fields":[{"row":[{"columnWidth":null,"id":"6529732"}]}],"filter":{"category":null,"offset":null,"order":[],"q":null,"size":null,"sort":[]},"html":null,"keyFieldId":null,"name":"（すべて）","pager":null,"revision":null,"titleFieldId":null,"view":"20","viewType":"LIST"}]}],"description":"","iconKey":"2023091513382090967DFF9D7947E9AF2A23A63F2353A1243","iconMeta":{"internalName":null,"mime":"image/jpeg","name":"h1-1ta.jpg"},"iconSrcAppId":"fb398cd2-74a6-402f-a8e6-d35a06e4f335","iconType":"BLOB","imagesMeta":[],"lookups":[],"name":"Change event for a field in table","references":[],"version":"40"}