{"actions":[],"apps":[{"acl":{"app":[],"field":[],"record":[]},"app":null,"category":{"categories":[],"useCategory":"false"},"form":{"layout":"[{\"id\":null,\"type\":\"ROW\",\"isSubTable\":false,\"var\":null,\"label\":null,\"controlList\":[{\"isVirtical\":true,\"styleMap\":{\"width\":193},\"type\":\"SINGLE_LINE_TEXT\",\"var\":\"ConstructionNumber\",\"label\":\"工事番号\"},{\"isVirtical\":true,\"styleMap\":{\"width\":193},\"type\":\"SINGLE_LINE_TEXT\",\"var\":\"ConstructionName\",\"label\":\"工事名\"}]},{\"id\":null,\"type\":\"ROW\",\"isSubTable\":false,\"var\":null,\"label\":null,\"controlList\":[{\"isVirtical\":true,\"styleMap\":{\"width\":193},\"type\":\"DECIMAL\",\"var\":\"ContractAmount\",\"label\":\"契約金額\"},{\"isVirtical\":true,\"styleMap\":{\"width\":193},\"type\":\"DECIMAL\",\"var\":\"CumulativeAmount\",\"label\":\"累積金額\"}]}]","revision":null},"iconMeta":{"internalName":null,"mime":"image/png","name":"crash_helmet.png"},"info":{"automaticallyChooseTitleComponent":"true","code":null,"decimalPrecision":"16","decimalScale":"4","description":"","enableBulkDeletion":"false","enableRecordReuse":"true","fiscalYearStartMonth":"4","iconKey":"28854","iconType":"BLOB","jsFiles":null,"jsScope":"ALL","name":"工事管理","roundingMode":"HALF_EVEN","theme":"PLAIN","titleComponentLocalId":null,"useComment":"true","useHistory":"true","useThumbnail":"true"},"jsFiles":[],"notification":{"appNotifications":[{"events":["RECORD_COMMENT_ADDED"],"target":{"entityId":"6468738","entityType":"FIELD_ENTITY","includeSubs":"false"}},{"events":["RECORD_COMMENT_ADDED"],"target":{"entityId":"6468739","entityType":"FIELD_ENTITY","includeSubs":"false"}}],"recordNotifications":[],"reminderTimezone":null,"reminders":[],"useComment":"true","useReminder":"false"},"plugins":[],"reports":[],"resource":{"tables":[{"rows":[{"fields":[],"objectId":"0","subObjectId":"-1"}],"type":"AppName"},{"rows":[{"fields":[],"objectId":"0","subObjectId":"-1"}],"type":"AppDescription"},{"rows":[{"fields":[],"objectId":"6468737","subObjectId":"-1"},{"fields":[],"objectId":"6468738","subObjectId":"-1"},{"fields":[],"objectId":"6468739","subObjectId":"-1"},{"fields":[],"objectId":"6468740","subObjectId":"-1"},{"fields":[],"objectId":"6468741","subObjectId":"-1"},{"fields":[],"objectId":"6468742","subObjectId":"-1"},{"fields":[],"objectId":"6468743","subObjectId":"-1"},{"fields":[],"objectId":"6468744","subObjectId":"-1"},{"fields":[],"objectId":"6468745","subObjectId":"-1"},{"fields":[],"objectId":"6468746","subObjectId":"-1"},{"fields":[],"objectId":"6468747","subObjectId":"-1"},{"fields":[],"objectId":"6468748","subObjectId":"-1"}],"type":"FieldLabel"},{"rows":[{"fields":[],"objectId":"20","subObjectId":"-1"}],"type":"ViewName"},{"rows":[],"type":"CategoryName"}]},"schema":{"groups":[],"revision":null,"subTable":{},"table":{"fieldList":{"6468737":{"id":"6468737","label":"レコード番号","properties":{"noLabel":"false","required":"true"},"type":"RECORD_ID","var":"レコード番号"},"6468738":{"id":"6468738","label":"更新者","properties":{"noLabel":"false","required":"true"},"type":"MODIFIER","var":"更新者"},"6468739":{"id":"6468739","label":"作成者","properties":{"noLabel":"false","required":"true"},"type":"CREATOR","var":"作成者"},"6468740":{"id":"6468740","label":"更新日時","properties":{"noLabel":"false","required":"true"},"type":"MODIFIED_AT","var":"更新日時"},"6468741":{"id":"6468741","label":"作成日時","properties":{"noLabel":"false","required":"true"},"type":"CREATED_AT","var":"作成日時"},"6468742":{"id":"6468742","label":"ステータス","properties":{"noLabel":"false","required":"false"},"type":"STATUS","var":"ステータス"},"6468743":{"id":"6468743","label":"作業者","properties":{"noLabel":"false","required":"false"},"type":"STATUS_ASSIGNEE","var":"作業者"},"6468744":{"id":"6468744","label":"カテゴリー","properties":{"noLabel":"false","required":"false"},"type":"CATEGORY","var":"カテゴリー"},"6468745":{"id":"6468745","label":"工事番号","properties":{"defaultValue":"","expression":"","hideExpression":"false","max":null,"min":null,"noLabel":"false","required":"false","unique":"false"},"type":"SINGLE_LINE_TEXT","var":"ConstructionNumber"},"6468746":{"id":"6468746","label":"工事名","properties":{"defaultValue":"","expression":"","hideExpression":"false","max":null,"min":null,"noLabel":"false","required":"true","unique":"false"},"type":"SINGLE_LINE_TEXT","var":"ConstructionName"},"6468747":{"id":"6468747","label":"契約金額","properties":{"defaultValue":null,"digit":"true","displayScale":null,"max":null,"min":"0","noLabel":"false","required":"true","roundingMode":null,"scale":null,"unique":"false","unit":"円","unitPosition":"AFTER"},"type":"DECIMAL","var":"ContractAmount"},"6468748":{"id":"6468748","label":"累積金額","properties":{"defaultValue":null,"digit":"true","displayScale":null,"max":null,"min":"0","noLabel":"false","required":"true","roundingMode":null,"scale":null,"unique":"false","unit":"円","unitPosition":"AFTER"},"type":"DECIMAL","var":"CumulativeAmount"}},"id":"1","label":"__ROOT__","properties":null,"var":"__ROOT__"}},"settingsNotesForm":{"content":null,"willBeInherited":null},"status":{"actions":[],"filters":[],"initialStateId":null,"states":[],"useStatus":"false"},"uuid":"7c4c8f96-bb91-4162-ac9f-80d3d58f6e74","views":[{"advancedMode":null,"builtinType":"ALL","device":null,"fields":[{"row":[{"columnWidth":null,"id":"6468737"},{"columnWidth":null,"id":"6468745"},{"columnWidth":null,"id":"6468746"},{"columnWidth":null,"id":"6468747"},{"columnWidth":null,"id":"6468748"}]}],"filter":{"category":null,"offset":null,"order":[],"q":null,"size":null,"sort":[]},"html":null,"keyFieldId":null,"name":"（すべて）","pager":null,"revision":null,"titleFieldId":null,"view":"20","viewType":"LIST"}]}],"description":"各工事と契約金額と累計金額をまとめたアプリ","iconKey":"20230831233834200CEE0DEDCC4C7484AFB4B26DFBF660081","iconMeta":{"internalName":null,"mime":"image/png","name":"crash_helmet.png"},"iconSrcAppId":"7c4c8f96-bb91-4162-ac9f-80d3d58f6e74","iconType":"BLOB","imagesMeta":[],"lookups":[],"name":"工事管理","references":[],"version":"40"}