{"actions":[],"apps":[{"acl":{"app":[],"field":[],"record":[]},"app":null,"category":{"categories":[],"useCategory":"false"},"form":{"layout":"[{\"id\":null,\"type\":\"ROW\",\"isSubTable\":false,\"var\":null,\"label\":null,\"controlList\":[{\"isVirtical\":true,\"styleMap\":{\"width\":117},\"type\":\"DATE\",\"var\":\"日付\",\"label\":\"日付\"},{\"styleMap\":{\"width\":117,\"height\":66},\"elementId\":\"btn\",\"type\":\"SPACER\"}]}]","revision":null},"iconMeta":{"internalName":null,"mime":"image/png","name":"unnamed.png"},"info":{"automaticallyChooseTitleComponent":"true","code":null,"decimalPrecision":"16","decimalScale":"4","description":"\u003Cdiv\u003E和暦変換(和暦管理から取得)\u003C/div\u003E\u003Ca href=\"https://github.com/MizukiOkushima/kintone/tree/6dcfbc86f49b41a49a5bbcf758998b39ddd59663/00%20%E8%87%AA%E4%B8%BB%E5%88%B6%E4%BD%9C/007%20%E5%92%8C%E6%9A%A6%E5%A4%89%E6%8F%9B%28%E5%92%8C%E6%9A%A6%E3%82%A2%E3%83%97%E3%83%AA%E7%AE%A1%E7%90%86%29\" target=\"_blank\" style=\"background-color:rgb( 238 , 238 , 238 )\" rel=\"nofollow noopener noreferrer\"\u003Egithub.com kintoneリポジトリ - 007 和暦変換&#xff08;和暦管理から取得&#xff09;\u003C/a\u003E\u003Cbr /\u003E","enableBulkDeletion":"false","enableRecordReuse":"true","fiscalYearStartMonth":"4","iconKey":"34006","iconType":"BLOB","jsFiles":null,"jsScope":"ALL","name":"和暦変換(和暦管理から取得)","roundingMode":"HALF_EVEN","theme":"PLAIN","titleComponentLocalId":null,"useComment":"true","useHistory":"true","useThumbnail":"true"},"jsFiles":[{"jsFileMetas":[{"internalName":null,"locationType":"BLOB","mime":"text/css","name":"sweetalert2.min.css","url":null}],"jsType":"DESKTOP_CSS"},{"jsFileMetas":[{"internalName":null,"locationType":"URL","mime":null,"name":null,"url":"https://js.cybozu.com/jquery/3.6.1/jquery.min.js"},{"internalName":null,"locationType":"URL","mime":null,"name":null,"url":"https://js.cybozu.com/kintone-rest-api-client/3.1.16/KintoneRestAPIClient.min.js"},{"internalName":null,"locationType":"BLOB","mime":"text/javascript","name":"KUC.js","url":null},{"internalName":null,"locationType":"BLOB","mime":"text/javascript","name":"sweetalert2.min.js","url":null},{"internalName":null,"locationType":"BLOB","mime":"application/x-javascript","name":"customize_warekiConversion.js","url":null}],"jsType":"DESKTOP"}],"notification":{"appNotifications":[{"events":["RECORD_COMMENT_ADDED"],"target":{"entityId":"6529899","entityType":"FIELD_ENTITY","includeSubs":"false"}},{"events":["RECORD_COMMENT_ADDED"],"target":{"entityId":"6529900","entityType":"FIELD_ENTITY","includeSubs":"false"}}],"recordNotifications":[],"reminderTimezone":null,"reminders":[],"useComment":"true","useReminder":"false"},"plugins":[],"reports":[],"resource":{"tables":[{"rows":[{"fields":[],"objectId":"0","subObjectId":"-1"}],"type":"AppName"},{"rows":[{"fields":[],"objectId":"0","subObjectId":"-1"}],"type":"AppDescription"},{"rows":[{"fields":[],"objectId":"6529898","subObjectId":"-1"},{"fields":[],"objectId":"6529899","subObjectId":"-1"},{"fields":[],"objectId":"6529900","subObjectId":"-1"},{"fields":[],"objectId":"6529901","subObjectId":"-1"},{"fields":[],"objectId":"6529902","subObjectId":"-1"},{"fields":[],"objectId":"6529903","subObjectId":"-1"},{"fields":[],"objectId":"6529904","subObjectId":"-1"},{"fields":[],"objectId":"6529905","subObjectId":"-1"},{"fields":[],"objectId":"6529907","subObjectId":"-1"}],"type":"FieldLabel"},{"rows":[{"fields":[],"objectId":"20","subObjectId":"-1"}],"type":"ViewName"},{"rows":[],"type":"CategoryName"}]},"schema":{"groups":[],"revision":null,"subTable":{},"table":{"fieldList":{"6529898":{"id":"6529898","label":"レコード番号","properties":{"noLabel":"false","required":"true"},"type":"RECORD_ID","var":"レコード番号"},"6529899":{"id":"6529899","label":"更新者","properties":{"noLabel":"false","required":"true"},"type":"MODIFIER","var":"更新者"},"6529900":{"id":"6529900","label":"作成者","properties":{"noLabel":"false","required":"true"},"type":"CREATOR","var":"作成者"},"6529901":{"id":"6529901","label":"更新日時","properties":{"noLabel":"false","required":"true"},"type":"MODIFIED_AT","var":"更新日時"},"6529902":{"id":"6529902","label":"作成日時","properties":{"noLabel":"false","required":"true"},"type":"CREATED_AT","var":"作成日時"},"6529903":{"id":"6529903","label":"ステータス","properties":{"noLabel":"false","required":"false"},"type":"STATUS","var":"ステータス"},"6529904":{"id":"6529904","label":"作業者","properties":{"noLabel":"false","required":"false"},"type":"STATUS_ASSIGNEE","var":"作業者"},"6529905":{"id":"6529905","label":"カテゴリー","properties":{"noLabel":"false","required":"false"},"type":"CATEGORY","var":"カテゴリー"},"6529907":{"id":"6529907","label":"日付","properties":{"defaultExpression":null,"defaultValue":null,"noLabel":"false","required":"true","unique":"false"},"type":"DATE","var":"日付"}},"id":"1","label":"__ROOT__","properties":null,"var":"__ROOT__"}},"settingsNotesForm":{"content":null,"willBeInherited":null},"status":{"actions":[],"filters":[],"initialStateId":null,"states":[],"useStatus":"false"},"uuid":"c2e58a8a-f6f9-4d27-bc71-b26463623e96","views":[{"advancedMode":null,"builtinType":"ALL","device":null,"fields":[{"row":[{"columnWidth":null,"id":"6529898"},{"columnWidth":null,"id":"6529907"}]}],"filter":{"category":null,"offset":null,"order":[],"q":null,"size":null,"sort":[]},"html":null,"keyFieldId":null,"name":"（すべて）","pager":null,"revision":null,"titleFieldId":null,"view":"20","viewType":"LIST"}]}],"description":"","iconKey":"2023092301541659F9E4E7F4574F03BAEC9823EE467B4B035","iconMeta":{"internalName":null,"mime":"image/png","name":"unnamed.png"},"iconSrcAppId":"c2e58a8a-f6f9-4d27-bc71-b26463623e96","iconType":"BLOB","imagesMeta":[],"lookups":[],"name":"和暦変換(和暦管理から取得)","references":[],"version":"40"}