{"actions":[],"apps":[{"acl":{"app":[],"field":[],"record":[]},"app":null,"category":{"categories":[],"useCategory":"false"},"form":{"layout":"[{\"id\":null,\"type\":\"ROW\",\"isSubTable\":false,\"var\":null,\"label\":null,\"controlList\":[{\"label\":\"\\u003Cdiv\\u003E西暦を入力してください。\\u003C/div\\u003E\",\"styleMap\":{\"width\":200},\"formatted\":\"\\u003Cdiv\\u003E西暦を入力してください。\\u003C/div\\u003E\",\"type\":\"LABEL\"}]},{\"id\":null,\"type\":\"ROW\",\"isSubTable\":false,\"var\":null,\"label\":null,\"controlList\":[{\"isVirtical\":true,\"styleMap\":{\"width\":193},\"type\":\"DATE\",\"var\":\"西暦\",\"label\":\"西暦\"}]},{\"id\":null,\"type\":\"ROW\",\"isSubTable\":false,\"var\":null,\"label\":null,\"controlList\":[{\"isVirtical\":true,\"styleMap\":{\"width\":193},\"type\":\"SINGLE_LINE_TEXT\",\"var\":\"和暦\",\"label\":\"和暦\"},{\"isVirtical\":true,\"styleMap\":{\"width\":193},\"type\":\"SINGLE_LINE_TEXT\",\"var\":\"年\",\"label\":\"年\"},{\"label\":\"\\u003Cdiv\\u003E年\\u003C/div\\u003E\",\"styleMap\":{\"width\":46},\"formatted\":\"\\u003Cdiv\\u003E年\\u003C/div\\u003E\",\"type\":\"LABEL\"},{\"isVirtical\":true,\"styleMap\":{\"width\":193},\"type\":\"DECIMAL\",\"var\":\"月\",\"label\":\"月\"},{\"isVirtical\":true,\"styleMap\":{\"width\":193},\"type\":\"DECIMAL\",\"var\":\"日\",\"label\":\"日\"}]},{\"id\":null,\"type\":\"ROW\",\"isSubTable\":false,\"var\":null,\"label\":null,\"controlList\":[{\"isVirtical\":true,\"styleMap\":{\"width\":193},\"type\":\"SINGLE_LINE_TEXT\",\"var\":\"和暦年月日\",\"label\":\"和暦 & 年月日\"}]}]","revision":null},"iconMeta":{"internalName":null,"mime":"image/gif","name":"tm_E5928C.gif"},"info":{"automaticallyChooseTitleComponent":"true","code":null,"decimalPrecision":"16","decimalScale":"4","description":"\u003Cdiv\u003E和暦変換\u003C/div\u003E\u003Cdiv\u003E\u003Ca href=\"https://github.com/MizukiOkushima/kintone/tree/main/00%20%E8%87%AA%E4%B8%BB%E5%88%B6%E4%BD%9C/006%20%E5%92%8C%E6%9A%A6%E5%A4%89%E6%8F%9B\" target=\"_blank\" style=\"background-color:rgb( 238 , 238 , 238 )\" rel=\"nofollow noopener noreferrer\"\u003Egithub.com kintoneリポジトリ - 006 和暦変換\u003C/a\u003E\u003Cbr /\u003E\u003C/div\u003E","enableBulkDeletion":"false","enableRecordReuse":"true","fiscalYearStartMonth":"4","iconKey":"32289","iconType":"BLOB","jsFiles":null,"jsScope":"ALL","name":"和暦変換","roundingMode":"HALF_EVEN","theme":"PLAIN","titleComponentLocalId":null,"useComment":"true","useHistory":"true","useThumbnail":"true"},"jsFiles":[{"jsFileMetas":[{"internalName":null,"locationType":"BLOB","mime":"application/x-javascript","name":"japaneseEraConverter.js","url":null},{"internalName":null,"locationType":"BLOB","mime":"application/x-javascript","name":"customize.js","url":null}],"jsType":"DESKTOP"},{"jsFileMetas":[{"internalName":null,"locationType":"BLOB","mime":"text/css","name":"style.css","url":null}],"jsType":"DESKTOP_CSS"}],"notification":{"appNotifications":[{"events":["RECORD_COMMENT_ADDED"],"target":{"entityId":"6529600","entityType":"FIELD_ENTITY","includeSubs":"false"}},{"events":["RECORD_COMMENT_ADDED"],"target":{"entityId":"6529601","entityType":"FIELD_ENTITY","includeSubs":"false"}}],"recordNotifications":[],"reminderTimezone":null,"reminders":[],"useComment":"true","useReminder":"false"},"plugins":[],"reports":[],"resource":{"tables":[{"rows":[{"fields":[],"objectId":"0","subObjectId":"-1"}],"type":"AppName"},{"rows":[{"fields":[],"objectId":"0","subObjectId":"-1"}],"type":"AppDescription"},{"rows":[{"fields":[],"objectId":"6529599","subObjectId":"-1"},{"fields":[],"objectId":"6529600","subObjectId":"-1"},{"fields":[],"objectId":"6529601","subObjectId":"-1"},{"fields":[],"objectId":"6529602","subObjectId":"-1"},{"fields":[],"objectId":"6529603","subObjectId":"-1"},{"fields":[],"objectId":"6529604","subObjectId":"-1"},{"fields":[],"objectId":"6529605","subObjectId":"-1"},{"fields":[],"objectId":"6529606","subObjectId":"-1"},{"fields":[],"objectId":"6529607","subObjectId":"-1"},{"fields":[],"objectId":"6529608","subObjectId":"-1"},{"fields":[],"objectId":"6529707","subObjectId":"-1"},{"fields":[],"objectId":"6529708","subObjectId":"-1"},{"fields":[],"objectId":"6529709","subObjectId":"-1"},{"fields":[],"objectId":"6529711","subObjectId":"-1"}],"type":"FieldLabel"},{"rows":[{"fields":[],"objectId":"6529713","subObjectId":"-1"},{"fields":[],"objectId":"20","subObjectId":"-1"}],"type":"ViewName"},{"rows":[],"type":"CategoryName"}]},"schema":{"groups":[],"revision":null,"subTable":{},"table":{"fieldList":{"6529599":{"id":"6529599","label":"レコード番号","properties":{"noLabel":"false","required":"true"},"type":"RECORD_ID","var":"レコード番号"},"6529600":{"id":"6529600","label":"更新者","properties":{"noLabel":"false","required":"true"},"type":"MODIFIER","var":"更新者"},"6529601":{"id":"6529601","label":"作成者","properties":{"noLabel":"false","required":"true"},"type":"CREATOR","var":"作成者"},"6529602":{"id":"6529602","label":"更新日時","properties":{"noLabel":"false","required":"true"},"type":"MODIFIED_AT","var":"更新日時"},"6529603":{"id":"6529603","label":"作成日時","properties":{"noLabel":"false","required":"true"},"type":"CREATED_AT","var":"作成日時"},"6529604":{"id":"6529604","label":"ステータス","properties":{"noLabel":"false","required":"false"},"type":"STATUS","var":"ステータス"},"6529605":{"id":"6529605","label":"作業者","properties":{"noLabel":"false","required":"false"},"type":"STATUS_ASSIGNEE","var":"作業者"},"6529606":{"id":"6529606","label":"カテゴリー","properties":{"noLabel":"false","required":"false"},"type":"CATEGORY","var":"カテゴリー"},"6529607":{"id":"6529607","label":"西暦","properties":{"defaultExpression":null,"defaultValue":null,"noLabel":"false","required":"true","unique":"false"},"type":"DATE","var":"西暦"},"6529608":{"id":"6529608","label":"和暦 & 年月日","properties":{"defaultValue":"","expression":"","hideExpression":"false","max":null,"min":null,"noLabel":"false","required":"false","unique":"false"},"type":"SINGLE_LINE_TEXT","var":"和暦年月日"},"6529707":{"id":"6529707","label":"和暦","properties":{"defaultValue":"","expression":"","hideExpression":"false","max":null,"min":null,"noLabel":"false","required":"false","unique":"false"},"type":"SINGLE_LINE_TEXT","var":"和暦"},"6529708":{"id":"6529708","label":"年","properties":{"defaultValue":"","expression":"","hideExpression":"false","max":null,"min":null,"noLabel":"false","required":"false","unique":"false"},"type":"SINGLE_LINE_TEXT","var":"年"},"6529709":{"id":"6529709","label":"月","properties":{"defaultValue":null,"digit":"false","displayScale":null,"max":null,"min":null,"noLabel":"false","required":"false","roundingMode":null,"scale":null,"unique":"false","unit":"月","unitPosition":"AFTER"},"type":"DECIMAL","var":"月"},"6529711":{"id":"6529711","label":"日","properties":{"defaultValue":null,"digit":"false","displayScale":null,"max":null,"min":null,"noLabel":"false","required":"false","roundingMode":null,"scale":null,"unique":"false","unit":"日","unitPosition":"AFTER"},"type":"DECIMAL","var":"日"}},"id":"1","label":"__ROOT__","properties":null,"var":"__ROOT__"}},"settingsNotesForm":{"content":null,"willBeInherited":null},"status":{"actions":[],"filters":[],"initialStateId":null,"states":[],"useStatus":"false"},"uuid":"422bc9d3-b609-4e43-b23b-f119092bbf75","views":[{"advancedMode":"false","builtinType":null,"device":null,"fields":[{"row":[{"columnWidth":null,"id":"6529599"},{"columnWidth":null,"id":"6529607"},{"columnWidth":null,"id":"6529707"},{"columnWidth":null,"id":"6529708"},{"columnWidth":null,"id":"6529709"},{"columnWidth":null,"id":"6529711"},{"columnWidth":null,"id":"6529608"}]}],"filter":{"category":null,"offset":null,"order":["DESC"],"q":null,"size":null,"sort":["f6529599"]},"html":null,"keyFieldId":null,"name":"一覧","pager":null,"revision":null,"titleFieldId":null,"view":"6529713","viewType":"LIST"},{"advancedMode":null,"builtinType":"ALL","device":null,"fields":[{"row":[{"columnWidth":null,"id":"6529599"},{"columnWidth":null,"id":"6529607"},{"columnWidth":null,"id":"6529608"},{"columnWidth":null,"id":"6529707"},{"columnWidth":null,"id":"6529708"},{"columnWidth":null,"id":"6529709"},{"columnWidth":null,"id":"6529711"}]}],"filter":{"category":null,"offset":null,"order":[],"q":null,"size":null,"sort":[]},"html":null,"keyFieldId":null,"name":"（すべて）","pager":null,"revision":null,"titleFieldId":null,"view":"20","viewType":"LIST"}]}],"description":"","iconKey":"20230917005045B855AD0F7D824C7F8378DAE69D454EC0071","iconMeta":{"internalName":null,"mime":"image/gif","name":"tm_E5928C.gif"},"iconSrcAppId":"422bc9d3-b609-4e43-b23b-f119092bbf75","iconType":"BLOB","imagesMeta":[],"lookups":[],"name":"和暦変換","references":[],"version":"40"}