{"actions":[],"apps":[{"acl":{"app":[],"field":[],"record":[]},"app":null,"category":{"categories":[],"useCategory":"false"},"form":{"layout":"[{\"id\":null,\"type\":\"ROW\",\"isSubTable\":false,\"var\":null,\"label\":null,\"controlList\":[{\"label\":\"\\u003Cdiv\\u003E地図を表示する郵便番号・住所・建物など入力してください。\\u003C/div\\u003E\\u003Cdiv\\u003E入力完了後、returnキーまたは入力フィールドからフォーカスを外すと自動で地図が挿入されます。\\u003C/div\\u003E\",\"styleMap\":{\"width\":662},\"formatted\":\"\\u003Cdiv\\u003E地図を表示する郵便番号・住所・建物など入力してください。\\u003C/div\\u003E\\u003Cdiv\\u003E入力完了後、returnキーまたは入力フィールドからフォーカスを外すと自動で地図が挿入されます。\\u003C/div\\u003E\",\"type\":\"LABEL\"}]},{\"id\":null,\"type\":\"ROW\",\"isSubTable\":false,\"var\":null,\"label\":null,\"controlList\":[{\"isVirtical\":true,\"styleMap\":{\"width\":910},\"type\":\"SINGLE_LINE_TEXT\",\"var\":\"文字列検索\",\"label\":\"文字列検索\"}]},{\"id\":null,\"type\":\"ROW\",\"isSubTable\":false,\"var\":null,\"label\":null,\"controlList\":[{\"isVirtical\":true,\"styleMap\":{\"width\":858,\"height\":162,\"innerHeight\":125},\"type\":\"MULTIPLE_LINE_TEXT\",\"var\":\"iframeText\",\"label\":\"iframe\"}]},{\"id\":null,\"type\":\"ROW\",\"isSubTable\":false,\"var\":null,\"label\":null,\"controlList\":[{\"styleMap\":{\"width\":858,\"height\":66},\"elementId\":\"iframeSpace\",\"type\":\"SPACER\"}]}]","revision":null},"iconMeta":null,"info":{"automaticallyChooseTitleComponent":"true","code":null,"decimalPrecision":"16","decimalScale":"4","description":"\u003Cdiv\u003EGoogleMap iframe\u003C/div\u003E\u003Cdiv\u003E\u003Ca href=\"https://github.com/MizukiOkushima/kintone/tree/main/00%20%E8%87%AA%E4%B8%BB%E5%88%B6%E4%BD%9C/001%20GoogleMap%E3%82%92%E8%A9%B3%E7%B4%B0%E7%94%BB%E9%9D%A2%E3%81%AB%E8%A1%A8%E7%A4%BA\" target=\"_blank\" style=\"background-position:0px 0px;background-color:rgb( 238 , 238 , 238 )\" rel=\"nofollow noopener noreferrer\"\u003Egithub.com kintoneリポジトリ - 001 GoogleMapを詳細画面に表示\u003C/a\u003E\u003C/div\u003E","enableBulkDeletion":"false","enableRecordReuse":"true","fiscalYearStartMonth":"4","iconKey":"APP81","iconType":"PRESET","jsFiles":null,"jsScope":"ALL","name":"GoogleMap iframe","roundingMode":"HALF_EVEN","theme":"PLAIN","titleComponentLocalId":null,"useComment":"true","useHistory":"true","useThumbnail":"true"},"jsFiles":[{"jsFileMetas":[{"internalName":null,"locationType":"BLOB","mime":"application/x-javascript","name":"script.js","url":null}],"jsType":"DESKTOP"}],"notification":{"appNotifications":[{"events":["RECORD_COMMENT_ADDED"],"target":{"entityId":"6468882","entityType":"FIELD_ENTITY","includeSubs":"false"}},{"events":["RECORD_COMMENT_ADDED"],"target":{"entityId":"6468883","entityType":"FIELD_ENTITY","includeSubs":"false"}}],"recordNotifications":[],"reminderTimezone":null,"reminders":[],"useComment":"true","useReminder":"false"},"plugins":[],"reports":[],"resource":{"tables":[{"rows":[{"fields":[],"objectId":"0","subObjectId":"-1"}],"type":"AppName"},{"rows":[{"fields":[],"objectId":"0","subObjectId":"-1"}],"type":"AppDescription"},{"rows":[{"fields":[],"objectId":"6468881","subObjectId":"-1"},{"fields":[],"objectId":"6468882","subObjectId":"-1"},{"fields":[],"objectId":"6468883","subObjectId":"-1"},{"fields":[],"objectId":"6468884","subObjectId":"-1"},{"fields":[],"objectId":"6468885","subObjectId":"-1"},{"fields":[],"objectId":"6468886","subObjectId":"-1"},{"fields":[],"objectId":"6468887","subObjectId":"-1"},{"fields":[],"objectId":"6468888","subObjectId":"-1"},{"fields":[],"objectId":"6468889","subObjectId":"-1"},{"fields":[],"objectId":"6468891","subObjectId":"-1"}],"type":"FieldLabel"},{"rows":[{"fields":[],"objectId":"6529182","subObjectId":"-1"},{"fields":[],"objectId":"20","subObjectId":"-1"}],"type":"ViewName"},{"rows":[],"type":"CategoryName"}]},"schema":{"groups":[],"revision":null,"subTable":{},"table":{"fieldList":{"6468881":{"id":"6468881","label":"レコード番号","properties":{"noLabel":"false","required":"true"},"type":"RECORD_ID","var":"レコード番号"},"6468882":{"id":"6468882","label":"更新者","properties":{"noLabel":"false","required":"true"},"type":"MODIFIER","var":"更新者"},"6468883":{"id":"6468883","label":"作成者","properties":{"noLabel":"false","required":"true"},"type":"CREATOR","var":"作成者"},"6468884":{"id":"6468884","label":"更新日時","properties":{"noLabel":"false","required":"true"},"type":"MODIFIED_AT","var":"更新日時"},"6468885":{"id":"6468885","label":"作成日時","properties":{"noLabel":"false","required":"true"},"type":"CREATED_AT","var":"作成日時"},"6468886":{"id":"6468886","label":"ステータス","properties":{"noLabel":"false","required":"false"},"type":"STATUS","var":"ステータス"},"6468887":{"id":"6468887","label":"作業者","properties":{"noLabel":"false","required":"false"},"type":"STATUS_ASSIGNEE","var":"作業者"},"6468888":{"id":"6468888","label":"カテゴリー","properties":{"noLabel":"false","required":"false"},"type":"CATEGORY","var":"カテゴリー"},"6468889":{"id":"6468889","label":"文字列検索","properties":{"defaultValue":"","expression":"","hideExpression":"false","max":null,"min":null,"noLabel":"false","required":"true","unique":"false"},"type":"SINGLE_LINE_TEXT","var":"文字列検索"},"6468891":{"id":"6468891","label":"iframe","properties":{"defaultValue":"","noLabel":"false","required":"false"},"type":"MULTIPLE_LINE_TEXT","var":"iframeText"}},"id":"1","label":"__ROOT__","properties":null,"var":"__ROOT__"}},"settingsNotesForm":{"content":null,"willBeInherited":null},"status":{"actions":[],"filters":[],"initialStateId":null,"states":[],"useStatus":"false"},"uuid":"27b13239-f720-4708-b90b-0a02ef4bf5d9","views":[{"advancedMode":"false","builtinType":null,"device":null,"fields":[{"row":[{"columnWidth":null,"id":"6468881"},{"columnWidth":null,"id":"6468889"}]}],"filter":{"category":null,"offset":null,"order":["DESC"],"q":null,"size":null,"sort":["f6468881"]},"html":null,"keyFieldId":null,"name":"一覧","pager":null,"revision":null,"titleFieldId":null,"view":"6529182","viewType":"LIST"},{"advancedMode":null,"builtinType":"ALL","device":null,"fields":[{"row":[{"columnWidth":null,"id":"6468881"},{"columnWidth":null,"id":"6468889"},{"columnWidth":null,"id":"6468891"}]}],"filter":{"category":null,"offset":null,"order":[],"q":null,"size":null,"sort":[]},"html":null,"keyFieldId":null,"name":"（すべて）","pager":null,"revision":null,"titleFieldId":null,"view":"20","viewType":"LIST"}]}],"description":"","iconKey":"APP81","iconMeta":null,"iconSrcAppId":"27b13239-f720-4708-b90b-0a02ef4bf5d9","iconType":"PRESET","imagesMeta":[],"lookups":[],"name":"GoogleMap iframe","references":[],"version":"40"}