{"actions":[],"apps":[{"acl":{"app":[],"field":[],"record":[]},"app":null,"category":{"categories":[],"useCategory":"false"},"form":{"layout":"[{\"id\":null,\"type\":\"ROW\",\"isSubTable\":false,\"var\":null,\"label\":null,\"controlList\":[{\"isVirtical\":true,\"styleMap\":{\"width\":193},\"type\":\"SINGLE_LINE_TEXT\",\"var\":\"PaymentDestinationName\",\"label\":\"支払先名\"}]}]","revision":null},"iconMeta":{"internalName":null,"mime":"image/png","name":"cacheregister.png"},"info":{"automaticallyChooseTitleComponent":"true","code":null,"decimalPrecision":"16","decimalScale":"4","description":"","enableBulkDeletion":"false","enableRecordReuse":"true","fiscalYearStartMonth":"4","iconKey":"28851","iconType":"BLOB","jsFiles":null,"jsScope":"ALL","name":"支払先管理","roundingMode":"HALF_EVEN","theme":"PLAIN","titleComponentLocalId":null,"useComment":"true","useHistory":"true","useThumbnail":"true"},"jsFiles":[],"notification":{"appNotifications":[{"events":["RECORD_COMMENT_ADDED"],"target":{"entityId":"6468723","entityType":"FIELD_ENTITY","includeSubs":"false"}},{"events":["RECORD_COMMENT_ADDED"],"target":{"entityId":"6468724","entityType":"FIELD_ENTITY","includeSubs":"false"}}],"recordNotifications":[],"reminderTimezone":null,"reminders":[],"useComment":"true","useReminder":"false"},"plugins":[],"reports":[],"resource":{"tables":[{"rows":[{"fields":[],"objectId":"0","subObjectId":"-1"}],"type":"AppName"},{"rows":[{"fields":[],"objectId":"0","subObjectId":"-1"}],"type":"AppDescription"},{"rows":[{"fields":[],"objectId":"6468722","subObjectId":"-1"},{"fields":[],"objectId":"6468723","subObjectId":"-1"},{"fields":[],"objectId":"6468724","subObjectId":"-1"},{"fields":[],"objectId":"6468725","subObjectId":"-1"},{"fields":[],"objectId":"6468726","subObjectId":"-1"},{"fields":[],"objectId":"6468727","subObjectId":"-1"},{"fields":[],"objectId":"6468728","subObjectId":"-1"},{"fields":[],"objectId":"6468729","subObjectId":"-1"},{"fields":[],"objectId":"6468730","subObjectId":"-1"}],"type":"FieldLabel"},{"rows":[{"fields":[],"objectId":"20","subObjectId":"-1"}],"type":"ViewName"},{"rows":[],"type":"CategoryName"}]},"schema":{"groups":[],"revision":null,"subTable":{},"table":{"fieldList":{"6468722":{"id":"6468722","label":"レコード番号","properties":{"noLabel":"false","required":"true"},"type":"RECORD_ID","var":"レコード番号"},"6468723":{"id":"6468723","label":"更新者","properties":{"noLabel":"false","required":"true"},"type":"MODIFIER","var":"更新者"},"6468724":{"id":"6468724","label":"作成者","properties":{"noLabel":"false","required":"true"},"type":"CREATOR","var":"作成者"},"6468725":{"id":"6468725","label":"更新日時","properties":{"noLabel":"false","required":"true"},"type":"MODIFIED_AT","var":"更新日時"},"6468726":{"id":"6468726","label":"作成日時","properties":{"noLabel":"false","required":"true"},"type":"CREATED_AT","var":"作成日時"},"6468727":{"id":"6468727","label":"ステータス","properties":{"noLabel":"false","required":"false"},"type":"STATUS","var":"ステータス"},"6468728":{"id":"6468728","label":"作業者","properties":{"noLabel":"false","required":"false"},"type":"STATUS_ASSIGNEE","var":"作業者"},"6468729":{"id":"6468729","label":"カテゴリー","properties":{"noLabel":"false","required":"false"},"type":"CATEGORY","var":"カテゴリー"},"6468730":{"id":"6468730","label":"支払先名","properties":{"defaultValue":"","expression":"","hideExpression":"false","max":null,"min":null,"noLabel":"false","required":"true","unique":"false"},"type":"SINGLE_LINE_TEXT","var":"PaymentDestinationName"}},"id":"1","label":"__ROOT__","properties":null,"var":"__ROOT__"}},"settingsNotesForm":{"content":null,"willBeInherited":null},"status":{"actions":[],"filters":[],"initialStateId":null,"states":[],"useStatus":"false"},"uuid":"c836bbfa-b321-42bd-84fd-be305a5c7ba7","views":[{"advancedMode":null,"builtinType":"ALL","device":null,"fields":[{"row":[{"columnWidth":null,"id":"6468722"},{"columnWidth":null,"id":"6468730"}]}],"filter":{"category":null,"offset":null,"order":[],"q":null,"size":null,"sort":[]},"html":null,"keyFieldId":null,"name":"（すべて）","pager":null,"revision":null,"titleFieldId":null,"view":"20","viewType":"LIST"}]}],"description":"支払先をまとめたマスタアプリ","iconKey":"2023083123362820A1EAD1ADCD4E1CBA60DF753C74EB66250","iconMeta":{"internalName":null,"mime":"image/png","name":"cacheregister.png"},"iconSrcAppId":"c836bbfa-b321-42bd-84fd-be305a5c7ba7","iconType":"BLOB","imagesMeta":[],"lookups":[],"name":"支払先管理","references":[],"version":"40"}