{"actions":[],"apps":[{"acl":{"app":[],"field":[],"record":[]},"app":null,"category":{"categories":[],"useCategory":"false"},"form":{"layout":"[{\"id\":null,\"type\":\"ROW\",\"isSubTable\":false,\"var\":null,\"label\":null,\"controlList\":[{\"isVirtical\":true,\"styleMap\":{\"width\":193},\"type\":\"DECIMAL\",\"var\":\"左辺\",\"label\":\"左辺\"},{\"isVirtical\":true,\"styleMap\":{\"width\":193},\"type\":\"DECIMAL\",\"var\":\"右辺\",\"label\":\"右辺\"}]},{\"id\":null,\"type\":\"ROW\",\"isSubTable\":false,\"var\":null,\"label\":null,\"controlList\":[{\"isVirtical\":true,\"styleMap\":{\"width\":193},\"type\":\"CALC\",\"var\":\"加算\",\"label\":\"加算\"},{\"isVirtical\":true,\"styleMap\":{\"width\":193},\"type\":\"CALC\",\"var\":\"減算\",\"label\":\"減算\"},{\"isVirtical\":true,\"styleMap\":{\"width\":193},\"type\":\"CALC\",\"var\":\"乗算\",\"label\":\"乗算\"},{\"isVirtical\":true,\"styleMap\":{\"width\":193},\"type\":\"CALC\",\"var\":\"除算\",\"label\":\"除算\"}]}]","revision":null},"iconMeta":{"internalName":null,"mime":"image/jpeg","name":"business_statement_41116-600x600.jpg"},"info":{"automaticallyChooseTitleComponent":"true","code":null,"decimalPrecision":"16","decimalScale":"4","description":"\u003Cdiv\u003E計算フィールドをヘッダーに表示\u003Cbr /\u003E\u003Cdiv\u003E\u003Ca target=\"_blank\" href=\"https://github.com/MizukiOkushima/kintone/tree/7149c5d85aecc6e3ccc83f9d9e5415af3fcbae23/03%20%E3%83%AC%E3%82%B3%E3%83%BC%E3%83%89%E4%BD%9C%E6%88%90%E3%83%BB%E7%B7%A8%E9%9B%86%E7%94%BB%E9%9D%A2/002%20%E8%A8%88%E7%AE%97%E3%83%95%E3%82%A3%E3%83%BC%E3%83%AB%E3%83%89%E3%82%92%E3%83%98%E3%83%83%E3%83%80%E3%83%BC%E3%81%AB%E8%A1%A8%E7%A4%BA\" style=\"background-position:0px 0px;background-color:rgb( 238 , 238 , 238 );font-size:16px\" rel=\"nofollow noopener noreferrer\"\u003Egithub.com kintoneリポジトリ - 002 計算フィールドをヘッダーに表示\u003C/a\u003E\u003Cbr /\u003E\u003C/div\u003E\u003C/div\u003E","enableBulkDeletion":"false","enableRecordReuse":"true","fiscalYearStartMonth":"4","iconKey":"32328","iconType":"BLOB","jsFiles":null,"jsScope":"ALL","name":"Change Event 計算フィールド","roundingMode":"HALF_EVEN","theme":"PLAIN","titleComponentLocalId":null,"useComment":"true","useHistory":"true","useThumbnail":"true"},"jsFiles":[{"jsFileMetas":[{"internalName":null,"locationType":"BLOB","mime":"text/css","name":"style.css","url":null}],"jsType":"DESKTOP_CSS"},{"jsFileMetas":[{"internalName":null,"locationType":"URL","mime":null,"name":null,"url":"https://js.cybozu.com/jquery/3.6.1/jquery.min.js"},{"internalName":null,"locationType":"BLOB","mime":"application/x-javascript","name":"script.js","url":null}],"jsType":"DESKTOP"}],"notification":{"appNotifications":[{"events":["RECORD_COMMENT_ADDED"],"target":{"entityId":"6529755","entityType":"FIELD_ENTITY","includeSubs":"false"}},{"events":["RECORD_COMMENT_ADDED"],"target":{"entityId":"6529756","entityType":"FIELD_ENTITY","includeSubs":"false"}}],"recordNotifications":[],"reminderTimezone":null,"reminders":[],"useComment":"true","useReminder":"false"},"plugins":[],"reports":[],"resource":{"tables":[{"rows":[{"fields":[],"objectId":"0","subObjectId":"-1"}],"type":"AppName"},{"rows":[{"fields":[],"objectId":"0","subObjectId":"-1"}],"type":"AppDescription"},{"rows":[{"fields":[],"objectId":"6529754","subObjectId":"-1"},{"fields":[],"objectId":"6529755","subObjectId":"-1"},{"fields":[],"objectId":"6529756","subObjectId":"-1"},{"fields":[],"objectId":"6529757","subObjectId":"-1"},{"fields":[],"objectId":"6529758","subObjectId":"-1"},{"fields":[],"objectId":"6529759","subObjectId":"-1"},{"fields":[],"objectId":"6529760","subObjectId":"-1"},{"fields":[],"objectId":"6529761","subObjectId":"-1"},{"fields":[],"objectId":"6529763","subObjectId":"-1"},{"fields":[],"objectId":"6529764","subObjectId":"-1"},{"fields":[],"objectId":"6529765","subObjectId":"-1"},{"fields":[],"objectId":"6529768","subObjectId":"-1"},{"fields":[],"objectId":"6529769","subObjectId":"-1"},{"fields":[],"objectId":"6529770","subObjectId":"-1"}],"type":"FieldLabel"},{"rows":[{"fields":[],"objectId":"20","subObjectId":"-1"}],"type":"ViewName"},{"rows":[],"type":"CategoryName"}]},"schema":{"groups":[],"revision":null,"subTable":{},"table":{"fieldList":{"6529754":{"id":"6529754","label":"レコード番号","properties":{"noLabel":"false","required":"true"},"type":"RECORD_ID","var":"レコード番号"},"6529755":{"id":"6529755","label":"更新者","properties":{"noLabel":"false","required":"true"},"type":"MODIFIER","var":"更新者"},"6529756":{"id":"6529756","label":"作成者","properties":{"noLabel":"false","required":"true"},"type":"CREATOR","var":"作成者"},"6529757":{"id":"6529757","label":"更新日時","properties":{"noLabel":"false","required":"true"},"type":"MODIFIED_AT","var":"更新日時"},"6529758":{"id":"6529758","label":"作成日時","properties":{"noLabel":"false","required":"true"},"type":"CREATED_AT","var":"作成日時"},"6529759":{"id":"6529759","label":"ステータス","properties":{"noLabel":"false","required":"false"},"type":"STATUS","var":"ステータス"},"6529760":{"id":"6529760","label":"作業者","properties":{"noLabel":"false","required":"false"},"type":"STATUS_ASSIGNEE","var":"作業者"},"6529761":{"id":"6529761","label":"カテゴリー","properties":{"noLabel":"false","required":"false"},"type":"CATEGORY","var":"カテゴリー"},"6529763":{"id":"6529763","label":"左辺","properties":{"defaultValue":"0","digit":"false","displayScale":null,"max":null,"min":null,"noLabel":"false","required":"true","roundingMode":null,"scale":null,"unique":"false","unit":"","unitPosition":"BEFORE"},"type":"DECIMAL","var":"左辺"},"6529764":{"id":"6529764","label":"右辺","properties":{"defaultValue":"0","digit":"false","displayScale":null,"max":null,"min":null,"noLabel":"false","required":"true","roundingMode":null,"scale":null,"unique":"false","unit":"","unitPosition":"BEFORE"},"type":"DECIMAL","var":"右辺"},"6529765":{"id":"6529765","label":"加算","properties":{"displayScale":null,"expression":"左辺 \u002B 右辺","format":"NUMBER_DIGIT","hideExpression":"false","noLabel":"false","required":"false","roundingMode":null,"scale":null,"unit":"","unitPosition":"BEFORE"},"type":"CALC","var":"加算"},"6529768":{"id":"6529768","label":"減算","properties":{"displayScale":null,"expression":"左辺 - 右辺","format":"NUMBER","hideExpression":"false","noLabel":"false","required":"false","roundingMode":null,"scale":null,"unit":"","unitPosition":"BEFORE"},"type":"CALC","var":"減算"},"6529769":{"id":"6529769","label":"乗算","properties":{"displayScale":null,"expression":"左辺 * 右辺","format":"NUMBER_DIGIT","hideExpression":"false","noLabel":"false","required":"false","roundingMode":null,"scale":null,"unit":"","unitPosition":"BEFORE"},"type":"CALC","var":"乗算"},"6529770":{"id":"6529770","label":"除算","properties":{"displayScale":null,"expression":"左辺 / 右辺","format":"NUMBER_DIGIT","hideExpression":"false","noLabel":"false","required":"false","roundingMode":null,"scale":null,"unit":"","unitPosition":"BEFORE"},"type":"CALC","var":"除算"}},"id":"1","label":"__ROOT__","properties":null,"var":"__ROOT__"}},"settingsNotesForm":{"content":null,"willBeInherited":null},"status":{"actions":[],"filters":[],"initialStateId":null,"states":[],"useStatus":"false"},"uuid":"ffe624d9-67c0-4c42-9f1b-b7c7a54f41e1","views":[{"advancedMode":null,"builtinType":"ALL","device":null,"fields":[{"row":[{"columnWidth":null,"id":"6529754"},{"columnWidth":null,"id":"6529763"},{"columnWidth":null,"id":"6529764"},{"columnWidth":null,"id":"6529765"},{"columnWidth":null,"id":"6529768"},{"columnWidth":null,"id":"6529769"},{"columnWidth":null,"id":"6529770"}]}],"filter":{"category":null,"offset":null,"order":[],"q":null,"size":null,"sort":[]},"html":null,"keyFieldId":null,"name":"（すべて）","pager":null,"revision":null,"titleFieldId":null,"view":"20","viewType":"LIST"}]}],"description":"","iconKey":"202309171131484978D026CD0A47A487DBCFF01E9FF2F8119","iconMeta":{"internalName":null,"mime":"image/jpeg","name":"business_statement_41116-600x600.jpg"},"iconSrcAppId":"ffe624d9-67c0-4c42-9f1b-b7c7a54f41e1","iconType":"BLOB","imagesMeta":[],"lookups":[],"name":"Change Event 計算フィールド","references":[],"version":"40"}