{"actions":[],"apps":[{"acl":{"app":[],"field":[],"record":[]},"app":null,"category":{"categories":[],"useCategory":"false"},"form":{"layout":"[{\"id\":null,\"type\":\"ROW\",\"isSubTable\":false,\"var\":null,\"label\":null,\"controlList\":[{\"label\":\"\\u003Cdiv\\u003EGoogleMapを使用して目的地までのナビゲーションを表示します。\\u003C/div\\u003E\\u003Cdiv\\u003E「現在地取得」ボタンから現在の座標を取得が可能です。\\u003C/div\\u003E\\u003Cdiv\\u003E「縮尺率」から見やすい表示にしてから保存してください。&#xff08;縮尺率は自動ではないみたいです&#x1f972;&#xff09;\\u003C/div\\u003E\\u003Cdiv\\u003E\\u003Cfont color=\\\"#cccccc\\\"\\u003E\\u003Cspan style=\\\"font-size:16px;font-family:&#39;m plus 1p&#39; , sans-serif\\\"\\u003E-:&#43;:-:&#43;:-:&#43;:-:&#43;:-:&#43;:-:&#43;:-:&#43;:-&#43;:-&#43;:-&#43;:-&#43;:-&#43;\\u003C/span\\u003E\\u003Cspan style=\\\"font-family:&#39;m plus 1p&#39; , sans-serif;font-size:16px\\\"\\u003E-:&#43;:-:&#43;:-:&#43;:-:&#43;:-:&#43;:-:&#43;:-:&#43;:-&#43;:-&#43;:-&#43;:-&#43;:-&#43;\\u003C/span\\u003E\\u003C/font\\u003E\\u003Cbr /\\u003E\\u003C/div\\u003E\\u003Cdiv\\u003E「開始位置」入力　「終了位置」入力時&#xff1a;ナビゲーションを表示\\u003C/div\\u003E\\u003Cdiv\\u003E「開始位置」未入力「終了位置」入力時&#xff1a;目的地の地図を表示\\u003C/div\\u003E\",\"styleMap\":{\"width\":907},\"formatted\":\"\\u003Cdiv\\u003EGoogleMapを使用して目的地までのナビゲーションを表示します。\\u003C/div\\u003E\\u003Cdiv\\u003E「現在地取得」ボタンから現在の座標を取得が可能です。\\u003C/div\\u003E\\u003Cdiv\\u003E「縮尺率」から見やすい表示にしてから保存してください。（縮尺率は自動ではないみたいです🥲）\\u003C/div\\u003E\\u003Cdiv\\u003E\\u003Cfont color=\\\"#cccccc\\\"\\u003E\\u003Cspan style=\\\"font-size:16px;font-family:'m plus 1p' , sans-serif\\\"\\u003E-:\\u002B:-:\\u002B:-:\\u002B:-:\\u002B:-:\\u002B:-:\\u002B:-:\\u002B:-\\u002B:-\\u002B:-\\u002B:-\\u002B:-\\u002B\\u003C/span\\u003E\\u003Cspan style=\\\"font-family:'m plus 1p' , sans-serif;font-size:16px\\\"\\u003E-:\\u002B:-:\\u002B:-:\\u002B:-:\\u002B:-:\\u002B:-:\\u002B:-:\\u002B:-\\u002B:-\\u002B:-\\u002B:-\\u002B:-\\u002B\\u003C/span\\u003E\\u003C/font\\u003E\\u003Cbr\\u003E\\u003C/div\\u003E\\u003Cdiv\\u003E「開始位置」入力　「終了位置」入力時：ナビゲーションを表示\\u003C/div\\u003E\\u003Cdiv\\u003E「開始位置」未入力「終了位置」入力時：目的地の地図を表示\\u003C/div\\u003E\",\"type\":\"LABEL\"}]},{\"id\":null,\"type\":\"ROW\",\"isSubTable\":false,\"var\":null,\"label\":null,\"controlList\":[{\"isVirtical\":true,\"styleMap\":{\"width\":907},\"type\":\"SINGLE_LINE_TEXT\",\"var\":\"開始位置\",\"label\":\"開始位置\"},{\"styleMap\":{\"width\":357,\"height\":66},\"elementId\":\"startLocation\",\"type\":\"SPACER\"}]},{\"id\":null,\"type\":\"ROW\",\"isSubTable\":false,\"var\":null,\"label\":null,\"controlList\":[{\"isVirtical\":true,\"styleMap\":{\"width\":907},\"type\":\"SINGLE_LINE_TEXT\",\"var\":\"終了位置\",\"label\":\"終了位置\"},{\"styleMap\":{\"width\":357,\"height\":66},\"elementId\":\"endLocation\",\"type\":\"SPACER\"}]},{\"id\":null,\"type\":\"ROW\",\"isSubTable\":false,\"var\":null,\"label\":null,\"controlList\":[{\"isVirtical\":true,\"styleMap\":{\"width\":835},\"type\":\"SINGLE_CHECK\",\"var\":\"縮尺率\",\"label\":\"縮尺率\",\"align\":\"horizontal\"},{\"isVirtical\":true,\"styleMap\":{\"width\":631},\"type\":\"SINGLE_CHECK\",\"var\":\"表示モード\",\"label\":\"表示モード\",\"align\":\"horizontal\"}]},{\"id\":null,\"type\":\"ROW\",\"isSubTable\":false,\"var\":null,\"label\":null,\"controlList\":[{\"isVirtical\":true,\"styleMap\":{\"width\":858,\"height\":162,\"innerHeight\":125},\"type\":\"MULTIPLE_LINE_TEXT\",\"var\":\"iframeText\",\"label\":\"iframe\"}]},{\"id\":null,\"type\":\"ROW\",\"isSubTable\":false,\"var\":null,\"label\":null,\"controlList\":[{\"styleMap\":{\"width\":858,\"height\":66},\"elementId\":\"iframeSpace\",\"type\":\"SPACER\"}]}]","revision":null},"iconMeta":{"internalName":null,"mime":"image/png","name":"icon_l.png"},"info":{"automaticallyChooseTitleComponent":"true","code":null,"decimalPrecision":"16","decimalScale":"4","description":"\u003Cdiv\u003EGoogleMap ナビ\u003C/div\u003E\u003Cdiv\u003E\u003Ca href=\"https://github.com/MizukiOkushima/kintone/tree/main/00%20自主制作/005%20GoogleMapルート案内表示\" target=\"_blank\" style=\"background-position:0px 0px;background-color:rgb( 238 , 238 , 238 )\" rel=\"nofollow noopener noreferrer\"\u003Egithub.com kintoneリポジトリ - 005 GoogleMapルート案内表示\u003C/a\u003E\u003C/div\u003E","enableBulkDeletion":"false","enableRecordReuse":"true","fiscalYearStartMonth":"4","iconKey":"30604","iconType":"BLOB","jsFiles":null,"jsScope":"ALL","name":"GoogleMap ナビ","roundingMode":"HALF_EVEN","theme":"PLAIN","titleComponentLocalId":null,"useComment":"true","useHistory":"true","useThumbnail":"true"},"jsFiles":[{"jsFileMetas":[{"internalName":null,"locationType":"BLOB","mime":"text/css","name":"style.css","url":null}],"jsType":"DESKTOP_CSS"},{"jsFileMetas":[{"internalName":null,"locationType":"URL","mime":null,"name":null,"url":"https://js.cybozu.com/jquery/3.6.1/jquery.min.js"},{"internalName":null,"locationType":"BLOB","mime":"application/x-javascript","name":"KUC.js","url":null},{"internalName":null,"locationType":"BLOB","mime":"application/x-javascript","name":"script.js","url":null}],"jsType":"DESKTOP"}],"notification":{"appNotifications":[{"events":["RECORD_COMMENT_ADDED"],"target":{"entityId":"6468882","entityType":"FIELD_ENTITY","includeSubs":"false"}},{"events":["RECORD_COMMENT_ADDED"],"target":{"entityId":"6468883","entityType":"FIELD_ENTITY","includeSubs":"false"}}],"recordNotifications":[],"reminderTimezone":null,"reminders":[],"useComment":"true","useReminder":"false"},"plugins":[],"reports":[],"resource":{"tables":[{"rows":[{"fields":[],"objectId":"0","subObjectId":"-1"}],"type":"AppName"},{"rows":[{"fields":[],"objectId":"0","subObjectId":"-1"}],"type":"AppDescription"},{"rows":[{"fields":[],"objectId":"6468881","subObjectId":"-1"},{"fields":[],"objectId":"6468882","subObjectId":"-1"},{"fields":[],"objectId":"6468883","subObjectId":"-1"},{"fields":[],"objectId":"6468884","subObjectId":"-1"},{"fields":[],"objectId":"6468885","subObjectId":"-1"},{"fields":[],"objectId":"6468886","subObjectId":"-1"},{"fields":[],"objectId":"6468887","subObjectId":"-1"},{"fields":[],"objectId":"6468888","subObjectId":"-1"},{"fields":[],"objectId":"6468891","subObjectId":"-1"},{"fields":[],"objectId":"6529185","subObjectId":"-1"},{"fields":[],"objectId":"6529186","subObjectId":"-1"},{"fields":[],"objectId":"6529195","subObjectId":"-1"},{"fields":[],"objectId":"6529195","subObjectId":"6529208"},{"fields":[],"objectId":"6529195","subObjectId":"6529206"},{"fields":[],"objectId":"6529195","subObjectId":"6529201"},{"fields":[],"objectId":"6529195","subObjectId":"6529191"},{"fields":[],"objectId":"6529195","subObjectId":"6529190"},{"fields":[],"objectId":"6529195","subObjectId":"6529188"},{"fields":[],"objectId":"6529195","subObjectId":"6529189"},{"fields":[],"objectId":"6529195","subObjectId":"6529192"},{"fields":[],"objectId":"6529195","subObjectId":"6529193"},{"fields":[],"objectId":"6529195","subObjectId":"6529194"},{"fields":[],"objectId":"6529195","subObjectId":"6529196"},{"fields":[],"objectId":"6529195","subObjectId":"6529210"},{"fields":[],"objectId":"6529195","subObjectId":"6529197"},{"fields":[],"objectId":"6529195","subObjectId":"6529198"},{"fields":[],"objectId":"6529195","subObjectId":"6529199"},{"fields":[],"objectId":"6529233","subObjectId":"-1"},{"fields":[],"objectId":"6529233","subObjectId":"6529228"},{"fields":[],"objectId":"6529233","subObjectId":"6529229"},{"fields":[],"objectId":"6529233","subObjectId":"6529230"},{"fields":[],"objectId":"6529233","subObjectId":"6529231"},{"fields":[],"objectId":"6529233","subObjectId":"6529232"}],"type":"FieldLabel"},{"rows":[{"fields":[],"objectId":"6529182","subObjectId":"-1"},{"fields":[],"objectId":"20","subObjectId":"-1"}],"type":"ViewName"},{"rows":[],"type":"CategoryName"}]},"schema":{"groups":[],"revision":null,"subTable":{},"table":{"fieldList":{"6468881":{"id":"6468881","label":"レコード番号","properties":{"noLabel":"false","required":"true"},"type":"RECORD_ID","var":"レコード番号"},"6468882":{"id":"6468882","label":"更新者","properties":{"noLabel":"false","required":"true"},"type":"MODIFIER","var":"更新者"},"6468883":{"id":"6468883","label":"作成者","properties":{"noLabel":"false","required":"true"},"type":"CREATOR","var":"作成者"},"6468884":{"id":"6468884","label":"更新日時","properties":{"noLabel":"false","required":"true"},"type":"MODIFIED_AT","var":"更新日時"},"6468885":{"id":"6468885","label":"作成日時","properties":{"noLabel":"false","required":"true"},"type":"CREATED_AT","var":"作成日時"},"6468886":{"id":"6468886","label":"ステータス","properties":{"noLabel":"false","required":"false"},"type":"STATUS","var":"ステータス"},"6468887":{"id":"6468887","label":"作業者","properties":{"noLabel":"false","required":"false"},"type":"STATUS_ASSIGNEE","var":"作業者"},"6468888":{"id":"6468888","label":"カテゴリー","properties":{"noLabel":"false","required":"false"},"type":"CATEGORY","var":"カテゴリー"},"6468891":{"id":"6468891","label":"iframe","properties":{"defaultValue":"","noLabel":"false","required":"false"},"type":"MULTIPLE_LINE_TEXT","var":"iframeText"},"6529185":{"id":"6529185","label":"開始位置","properties":{"defaultValue":"","expression":"","hideExpression":"false","max":null,"min":null,"noLabel":"false","required":"false","unique":"false"},"type":"SINGLE_LINE_TEXT","var":"開始位置"},"6529186":{"id":"6529186","label":"終了位置","properties":{"defaultValue":"","expression":"","hideExpression":"false","max":null,"min":null,"noLabel":"false","required":"true","unique":"false"},"type":"SINGLE_LINE_TEXT","var":"終了位置"},"6529195":{"id":"6529195","label":"縮尺率","properties":{"defaultValue":"6529188","noLabel":"false","options":[{"id":"6529208","label":"7","valid":true},{"id":"6529206","label":"8","valid":true},{"id":"6529201","label":"9","valid":true},{"id":"6529191","label":"10","valid":true},{"id":"6529190","label":"11","valid":true},{"id":"6529188","label":"12","valid":true},{"id":"6529189","label":"13","valid":true},{"id":"6529192","label":"14","valid":true},{"id":"6529193","label":"15","valid":true},{"id":"6529194","label":"16","valid":true},{"id":"6529196","label":"17","valid":true},{"id":"6529210","label":"6","valid":false},{"id":"6529197","label":"18","valid":false},{"id":"6529198","label":"19","valid":false},{"id":"6529199","label":"20","valid":false}],"required":"true"},"type":"SINGLE_CHECK","var":"縮尺率"},"6529233":{"id":"6529233","label":"表示モード","properties":{"defaultValue":"6529228","noLabel":"false","options":[{"id":"6529228","label":"地図","valid":true},{"id":"6529229","label":"航空写真","valid":true},{"id":"6529230","label":"地図 \u002B 航空写真","valid":true},{"id":"6529231","label":"地形図","valid":true},{"id":"6529232","label":"Google Earth","valid":true}],"required":"true"},"type":"SINGLE_CHECK","var":"表示モード"}},"id":"1","label":"__ROOT__","properties":null,"var":"__ROOT__"}},"settingsNotesForm":{"content":null,"willBeInherited":null},"status":{"actions":[],"filters":[],"initialStateId":null,"states":[],"useStatus":"false"},"uuid":"d8e87ede-69d9-4c3a-992e-4353c86d4970","views":[{"advancedMode":"false","builtinType":null,"device":null,"fields":[{"row":[{"columnWidth":null,"id":"6468881"},{"columnWidth":null,"id":"6529185"},{"columnWidth":null,"id":"6529186"}]}],"filter":{"category":null,"offset":null,"order":["DESC"],"q":null,"size":null,"sort":["f6468881"]},"html":null,"keyFieldId":null,"name":"一覧","pager":null,"revision":null,"titleFieldId":null,"view":"6529182","viewType":"LIST"},{"advancedMode":null,"builtinType":"ALL","device":null,"fields":[{"row":[{"columnWidth":null,"id":"6468881"},{"columnWidth":null,"id":"6468891"},{"columnWidth":null,"id":"6529185"},{"columnWidth":null,"id":"6529186"},{"columnWidth":null,"id":"6529195"},{"columnWidth":null,"id":"6529233"}]}],"filter":{"category":null,"offset":null,"order":[],"q":null,"size":null,"sort":[]},"html":null,"keyFieldId":null,"name":"（すべて）","pager":null,"revision":null,"titleFieldId":null,"view":"20","viewType":"LIST"}]}],"description":"","iconKey":"20230911131353B835DC1340F8453AB67D55E7E305A1EA352","iconMeta":{"internalName":null,"mime":"image/png","name":"icon_l.png"},"iconSrcAppId":"d8e87ede-69d9-4c3a-992e-4353c86d4970","iconType":"BLOB","imagesMeta":[],"lookups":[],"name":"GoogleMap ナビ","references":[],"version":"40"}