{"actions":[],"apps":[{"acl":{"app":[],"field":[],"record":[]},"app":null,"category":{"categories":[],"useCategory":"false"},"form":{"layout":"[{\"id\":null,\"type\":\"ROW\",\"isSubTable\":false,\"var\":null,\"label\":null,\"controlList\":[{\"label\":\"\\u003Cdiv\\u003E郵便番号を入力してください。\\u003C/div\\u003E入力された郵便番号を元に住所を自動で入力します。\",\"styleMap\":{\"width\":368},\"formatted\":\"\\u003Cdiv\\u003E郵便番号を入力してください。\\u003C/div\\u003E入力された郵便番号を元に住所を自動で入力します。\",\"type\":\"LABEL\"}]},{\"id\":null,\"type\":\"ROW\",\"isSubTable\":false,\"var\":null,\"label\":null,\"controlList\":[{\"isVirtical\":true,\"styleMap\":{\"width\":193},\"type\":\"SINGLE_LINE_TEXT\",\"var\":\"zipcode\",\"label\":\"郵便番号\"}]},{\"id\":null,\"type\":\"ROW\",\"isSubTable\":false,\"var\":null,\"label\":null,\"controlList\":[{\"isVirtical\":true,\"styleMap\":{\"width\":193},\"type\":\"SINGLE_LINE_TEXT\",\"var\":\"pref\",\"label\":\"都道府県\"},{\"isVirtical\":true,\"styleMap\":{\"width\":193},\"type\":\"SINGLE_LINE_TEXT\",\"var\":\"city\",\"label\":\"市区町村\"},{\"isVirtical\":true,\"styleMap\":{\"width\":193},\"type\":\"SINGLE_LINE_TEXT\",\"var\":\"town\",\"label\":\"地域\"}]},{\"id\":null,\"type\":\"ROW\",\"isSubTable\":false,\"var\":null,\"label\":null,\"controlList\":[{\"isVirtical\":true,\"styleMap\":{\"width\":579},\"type\":\"SINGLE_LINE_TEXT\",\"var\":\"address\",\"label\":\"市区町村＆地域\"}]},{\"id\":null,\"type\":\"ROW\",\"isSubTable\":false,\"var\":null,\"label\":null,\"controlList\":[{\"isVirtical\":true,\"styleMap\":{\"width\":579},\"type\":\"SINGLE_LINE_TEXT\",\"var\":\"fullAddress\",\"label\":\"都道府県&市区町村＆地域\"}]}]","revision":null},"iconMeta":null,"info":{"automaticallyChooseTitleComponent":"true","code":null,"decimalPrecision":"16","decimalScale":"4","description":"","enableBulkDeletion":"false","enableRecordReuse":"true","fiscalYearStartMonth":"4","iconKey":"APP81","iconType":"PRESET","jsFiles":null,"jsScope":"ALL","name":"自動住所入力機能","roundingMode":"HALF_EVEN","theme":"PLAIN","titleComponentLocalId":null,"useComment":"true","useHistory":"true","useThumbnail":"true"},"jsFiles":[{"jsFileMetas":[{"internalName":null,"locationType":"URL","mime":null,"name":null,"url":"https://js.cybozu.com/jquery/3.6.1/jquery.min.js"},{"internalName":null,"locationType":"BLOB","mime":"text/javascript","name":"auto_zipcode.js","url":null}],"jsType":"DESKTOP"}],"notification":{"appNotifications":[{"events":["RECORD_COMMENT_ADDED"],"target":{"entityId":"6469074","entityType":"FIELD_ENTITY","includeSubs":"false"}},{"events":["RECORD_COMMENT_ADDED"],"target":{"entityId":"6469075","entityType":"FIELD_ENTITY","includeSubs":"false"}}],"recordNotifications":[],"reminderTimezone":null,"reminders":[],"useComment":"true","useReminder":"false"},"plugins":[],"reports":[],"resource":{"tables":[{"rows":[{"fields":[],"objectId":"0","subObjectId":"-1"}],"type":"AppName"},{"rows":[{"fields":[],"objectId":"0","subObjectId":"-1"}],"type":"AppDescription"},{"rows":[{"fields":[],"objectId":"6469073","subObjectId":"-1"},{"fields":[],"objectId":"6469074","subObjectId":"-1"},{"fields":[],"objectId":"6469075","subObjectId":"-1"},{"fields":[],"objectId":"6469076","subObjectId":"-1"},{"fields":[],"objectId":"6469077","subObjectId":"-1"},{"fields":[],"objectId":"6469078","subObjectId":"-1"},{"fields":[],"objectId":"6469079","subObjectId":"-1"},{"fields":[],"objectId":"6469080","subObjectId":"-1"},{"fields":[],"objectId":"6469081","subObjectId":"-1"},{"fields":[],"objectId":"6469082","subObjectId":"-1"},{"fields":[],"objectId":"6469083","subObjectId":"-1"},{"fields":[],"objectId":"6469084","subObjectId":"-1"},{"fields":[],"objectId":"6469085","subObjectId":"-1"},{"fields":[],"objectId":"6469086","subObjectId":"-1"}],"type":"FieldLabel"},{"rows":[{"fields":[],"objectId":"20","subObjectId":"-1"}],"type":"ViewName"},{"rows":[],"type":"CategoryName"}]},"schema":{"groups":[],"revision":null,"subTable":{},"table":{"fieldList":{"6469073":{"id":"6469073","label":"レコード番号","properties":{"noLabel":"false","required":"true"},"type":"RECORD_ID","var":"レコード番号"},"6469074":{"id":"6469074","label":"更新者","properties":{"noLabel":"false","required":"true"},"type":"MODIFIER","var":"更新者"},"6469075":{"id":"6469075","label":"作成者","properties":{"noLabel":"false","required":"true"},"type":"CREATOR","var":"作成者"},"6469076":{"id":"6469076","label":"更新日時","properties":{"noLabel":"false","required":"true"},"type":"MODIFIED_AT","var":"更新日時"},"6469077":{"id":"6469077","label":"作成日時","properties":{"noLabel":"false","required":"true"},"type":"CREATED_AT","var":"作成日時"},"6469078":{"id":"6469078","label":"ステータス","properties":{"noLabel":"false","required":"false"},"type":"STATUS","var":"ステータス"},"6469079":{"id":"6469079","label":"作業者","properties":{"noLabel":"false","required":"false"},"type":"STATUS_ASSIGNEE","var":"作業者"},"6469080":{"id":"6469080","label":"カテゴリー","properties":{"noLabel":"false","required":"false"},"type":"CATEGORY","var":"カテゴリー"},"6469081":{"id":"6469081","label":"郵便番号","properties":{"defaultValue":"","expression":"","hideExpression":"false","max":"8","min":null,"noLabel":"false","required":"true","unique":"false"},"type":"SINGLE_LINE_TEXT","var":"zipcode"},"6469082":{"id":"6469082","label":"都道府県","properties":{"defaultValue":"","expression":"","hideExpression":"false","max":null,"min":null,"noLabel":"false","required":"false","unique":"false"},"type":"SINGLE_LINE_TEXT","var":"pref"},"6469083":{"id":"6469083","label":"市区町村","properties":{"defaultValue":"","expression":"","hideExpression":"false","max":null,"min":null,"noLabel":"false","required":"false","unique":"false"},"type":"SINGLE_LINE_TEXT","var":"city"},"6469084":{"id":"6469084","label":"地域","properties":{"defaultValue":"","expression":"","hideExpression":"false","max":null,"min":null,"noLabel":"false","required":"false","unique":"false"},"type":"SINGLE_LINE_TEXT","var":"town"},"6469085":{"id":"6469085","label":"市区町村＆地域","properties":{"defaultValue":"","expression":"","hideExpression":"false","max":null,"min":null,"noLabel":"false","required":"false","unique":"false"},"type":"SINGLE_LINE_TEXT","var":"address"},"6469086":{"id":"6469086","label":"都道府県&市区町村＆地域","properties":{"defaultValue":"","expression":"","hideExpression":"false","max":null,"min":null,"noLabel":"false","required":"false","unique":"false"},"type":"SINGLE_LINE_TEXT","var":"fullAddress"}},"id":"1","label":"__ROOT__","properties":null,"var":"__ROOT__"}},"settingsNotesForm":{"content":null,"willBeInherited":null},"status":{"actions":[],"filters":[],"initialStateId":null,"states":[],"useStatus":"false"},"uuid":"aebb2130-bae0-40cb-a86a-fe03b854c324","views":[{"advancedMode":null,"builtinType":"ALL","device":null,"fields":[{"row":[{"columnWidth":null,"id":"6469073"},{"columnWidth":null,"id":"6469081"},{"columnWidth":null,"id":"6469082"},{"columnWidth":null,"id":"6469083"},{"columnWidth":null,"id":"6469084"},{"columnWidth":null,"id":"6469085"},{"columnWidth":null,"id":"6469086"}]}],"filter":{"category":null,"offset":null,"order":[],"q":null,"size":null,"sort":[]},"html":null,"keyFieldId":null,"name":"（すべて）","pager":null,"revision":null,"titleFieldId":null,"view":"20","viewType":"LIST"}]}],"description":"","iconKey":"APP81","iconMeta":null,"iconSrcAppId":"aebb2130-bae0-40cb-a86a-fe03b854c324","iconType":"PRESET","imagesMeta":[],"lookups":[],"name":"自動住所入力機能","references":[],"version":"40"}