{"actions":[],"apps":[{"acl":{"app":[],"field":[],"record":[]},"app":null,"category":{"categories":[],"useCategory":"false"},"form":{"layout":"[]","revision":null},"iconMeta":{"internalName":null,"mime":"image/png","name":"document.png"},"info":{"automaticallyChooseTitleComponent":"true","code":null,"decimalPrecision":"16","decimalScale":"4","description":"","enableBulkDeletion":"false","enableRecordReuse":"true","fiscalYearStartMonth":"4","iconKey":"28846","iconType":"BLOB","jsFiles":null,"jsScope":"ALL","name":"発行管理","roundingMode":"HALF_EVEN","theme":"PLAIN","titleComponentLocalId":null,"useComment":"true","useHistory":"true","useThumbnail":"true"},"jsFiles":[{"jsFileMetas":[{"internalName":null,"locationType":"URL","mime":null,"name":null,"url":"https://cdnjs.cloudflare.com/ajax/libs/select2/4.0.2/css/select2.min.css"},{"internalName":null,"locationType":"BLOB","mime":"text/css","name":"IssuanceManagement.css","url":null}],"jsType":"DESKTOP_CSS"},{"jsFileMetas":[{"internalName":null,"locationType":"URL","mime":null,"name":null,"url":"https://js.cybozu.com/jquery/3.6.1/jquery.min.js"},{"internalName":null,"locationType":"URL","mime":null,"name":null,"url":"https://js.cybozu.com/kintone-rest-api-client/3.1.16/KintoneRestAPIClient.min.js"},{"internalName":null,"locationType":"URL","mime":null,"name":null,"url":"https://cdnjs.cloudflare.com/ajax/libs/select2/4.0.2/js/select2.min.js"},{"internalName":null,"locationType":"URL","mime":null,"name":null,"url":"https://cdnjs.cloudflare.com/ajax/libs/select2/4.0.2/js/i18n/ja.js"},{"internalName":null,"locationType":"BLOB","mime":"text/javascript","name":"IssuanceManagement.js","url":null}],"jsType":"DESKTOP"}],"notification":{"appNotifications":[{"events":["RECORD_COMMENT_ADDED"],"target":{"entityId":"6468752","entityType":"FIELD_ENTITY","includeSubs":"false"}},{"events":["RECORD_COMMENT_ADDED"],"target":{"entityId":"6468753","entityType":"FIELD_ENTITY","includeSubs":"false"}}],"recordNotifications":[],"reminderTimezone":null,"reminders":[],"useComment":"true","useReminder":"false"},"plugins":[],"reports":[],"resource":{"tables":[{"rows":[{"fields":[],"objectId":"0","subObjectId":"-1"}],"type":"AppName"},{"rows":[{"fields":[],"objectId":"0","subObjectId":"-1"}],"type":"AppDescription"},{"rows":[{"fields":[],"objectId":"6468751","subObjectId":"-1"},{"fields":[],"objectId":"6468752","subObjectId":"-1"},{"fields":[],"objectId":"6468753","subObjectId":"-1"},{"fields":[],"objectId":"6468754","subObjectId":"-1"},{"fields":[],"objectId":"6468755","subObjectId":"-1"},{"fields":[],"objectId":"6468756","subObjectId":"-1"},{"fields":[],"objectId":"6468757","subObjectId":"-1"},{"fields":[],"objectId":"6468758","subObjectId":"-1"}],"type":"FieldLabel"},{"rows":[{"fields":[],"objectId":"6468762","subObjectId":"-1"},{"fields":[],"objectId":"20","subObjectId":"-1"}],"type":"ViewName"},{"rows":[],"type":"CategoryName"}]},"schema":{"groups":[],"revision":null,"subTable":{},"table":{"fieldList":{"6468751":{"id":"6468751","label":"レコード番号","properties":{"noLabel":"false","required":"true"},"type":"RECORD_ID","var":"レコード番号"},"6468752":{"id":"6468752","label":"更新者","properties":{"noLabel":"false","required":"true"},"type":"MODIFIER","var":"更新者"},"6468753":{"id":"6468753","label":"作成者","properties":{"noLabel":"false","required":"true"},"type":"CREATOR","var":"作成者"},"6468754":{"id":"6468754","label":"更新日時","properties":{"noLabel":"false","required":"true"},"type":"MODIFIED_AT","var":"更新日時"},"6468755":{"id":"6468755","label":"作成日時","properties":{"noLabel":"false","required":"true"},"type":"CREATED_AT","var":"作成日時"},"6468756":{"id":"6468756","label":"ステータス","properties":{"noLabel":"false","required":"false"},"type":"STATUS","var":"ステータス"},"6468757":{"id":"6468757","label":"作業者","properties":{"noLabel":"false","required":"false"},"type":"STATUS_ASSIGNEE","var":"作業者"},"6468758":{"id":"6468758","label":"カテゴリー","properties":{"noLabel":"false","required":"false"},"type":"CATEGORY","var":"カテゴリー"}},"id":"1","label":"__ROOT__","properties":null,"var":"__ROOT__"}},"settingsNotesForm":{"content":null,"willBeInherited":null},"status":{"actions":[],"filters":[],"initialStateId":null,"states":[],"useStatus":"false"},"uuid":"86746b9a-aee9-4a40-b398-f63f9a91765f","views":[{"advancedMode":"false","builtinType":null,"device":"DESKTOP","fields":[{"row":[]}],"filter":{"category":null,"offset":null,"order":["DESC"],"q":null,"size":null,"sort":["f6468751"]},"html":"\u003Cdiv id=\"issuance-screen\"\u003E\n    \u003Cdiv class=\"title\"\u003E\n        \u003Ch2\u003E請求発行\u003C/h2\u003E\n        \u003Cdiv class=\"text-box\"\u003E\n            \u003Csvg xmlns=\"http://www.w3.org/2000/svg\" viewBox=\"0 0 24 24\" width=\"24\" height=\"24\"\u003E\n                \u003Cpath fill=\"#ffb36b\"\n                        d=\"M13.6,4.4l6,6l-13,13L1.2,24c-0.7,0.1-1.3-0.5-1.2-1.2l0.6-5.4C0.6,17.4,13.6,4.4,13.6,4.4z M23.3,3.5l-2.8-2.8  c-0.9-0.9-2.3-0.9-3.2,0l-2.7,2.7l6,6l2.7-2.7C24.2,5.8,24.2,4.4,23.3,3.5z\"/\u003E\n            \u003C/svg\u003E\n            \u003Cp\u003E発行する条件を選択してください。\u003C/p\u003E\n        \u003C/div\u003E\n    \u003C/div\u003E\n    \u003Cdiv class=\"search-area\"\u003E\n        \u003Cdiv class=\"flex\"\u003E\n\n            \u003Clabel for=\"kind\" class=\"selectbox-001\"\u003E発行分類\n                \u003Cselect id=\"kind\" name=\"kind\"\u003E\n                    \u003Coption value=\"\"\u003E----------------------\u003C/option\u003E\n                    \u003Coption value=\"工事発行\"\u003E工事発行\u003C/option\u003E\n                    \u003Coption value=\"サンプル1\"\u003Eサンプル1\u003C/option\u003E\n                    \u003Coption value=\"サンプル2\"\u003Eサンプル2\u003C/option\u003E\n                    \u003Coption value=\"サンプル3\"\u003Eサンプル3\u003C/option\u003E\n                    \u003Coption value=\"サンプル4\"\u003Eサンプル4\u003C/option\u003E\n                    \u003Coption value=\"サンプル5\"\u003Eサンプル5\u003C/option\u003E\n                    \u003Coption value=\"サンプル6\"\u003Eサンプル6\u003C/option\u003E\n                    \u003Coption value=\"サンプル7\"\u003Eサンプル7\u003C/option\u003E\n                \u003C/select\u003E\n            \u003C/label\u003E\n            \u003Clabel for=\"year\" class=\"selectbox-001\"\u003E取得年\n                \u003Cselect id=\"year\" name=\"year\"\u003E\n                \u003C/select\u003E\n            \u003C/label\u003E\n            \u003Clabel for=\"month\" class=\"selectbox-001\"\u003E取得月\n                \u003Cselect id=\"month\" name=\"month\"\u003E\n                    \u003Coption value=\"\"\u003E------\u003C/option\u003E\n                    \u003Coption value=\"1\"\u003E1月\u003C/option\u003E\n                    \u003Coption value=\"2\"\u003E2月\u003C/option\u003E\n                    \u003Coption value=\"3\"\u003E3月\u003C/option\u003E\n                    \u003Coption value=\"4\"\u003E4月\u003C/option\u003E\n                    \u003Coption value=\"5\"\u003E5月\u003C/option\u003E\n                    \u003Coption value=\"6\"\u003E6月\u003C/option\u003E\n                    \u003Coption value=\"7\"\u003E7月\u003C/option\u003E\n                    \u003Coption value=\"8\"\u003E8月\u003C/option\u003E\n                    \u003Coption value=\"9\"\u003E9月\u003C/option\u003E\n                    \u003Coption value=\"10\"\u003E10月\u003C/option\u003E\n                    \u003Coption value=\"11\"\u003E11月\u003C/option\u003E\n                    \u003Coption value=\"12\"\u003E12月\u003C/option\u003E\n                \u003C/select\u003E\n            \u003C/label\u003E\n            \u003Clabel id=\"suppliers-label\" for=\"suppliers\" class=\"selectbox-001\"\u003E支払先\n                \u003Cselect id=\"suppliers\" name=\"suppliers\"\u003E\n                    \u003Coption value=\"\"\u003E------\u003C/option\u003E\n                \u003C/select\u003E\n            \u003C/label\u003E\n        \u003C/div\u003E\n    \u003C/div\u003E\n    \u003Cbutton id=\"js-issuance-button\" class=\"button\"\u003E発行\u003C/button\u003E\n\u003C/div\u003E","keyFieldId":null,"name":"請求発行","pager":"true","revision":null,"titleFieldId":null,"view":"6468762","viewType":"CUSTOM"},{"advancedMode":null,"builtinType":"ALL","device":null,"fields":[{"row":[{"columnWidth":null,"id":"6468751"}]}],"filter":{"category":null,"offset":null,"order":[],"q":null,"size":null,"sort":[]},"html":null,"keyFieldId":null,"name":"（すべて）","pager":null,"revision":null,"titleFieldId":null,"view":"20","viewType":"LIST"}]}],"description":"請求書発行の画面を表示する目的にアプリを設定","iconKey":"20230831233555FE465E0B83B24CF3BA05352135088285284","iconMeta":{"internalName":null,"mime":"image/png","name":"document.png"},"iconSrcAppId":"86746b9a-aee9-4a40-b398-f63f9a91765f","iconType":"BLOB","imagesMeta":[],"lookups":[],"name":"発行管理","references":[],"version":"40"}